Timestamp,Gender,Age,Level of study,Faculty/School,I am very knowledgeable of Plastic waste management,"
I come across information related to plastic waste management on my Social media accounts?","
I have received formal education or information on plastic waste management","
I am familiar with recycling practices of plastic waste","How do you primarily acquire information about plastic waste management? (Seminars, News outlets, Lectures, Books etc.)",I engage with or share contents about plastic waste management on Social media,"
I am extremely concerned about the environmental impact of plastic waste.","
 I believe my individual actions can contribute significantly to reducing plastic waste.","
plastic waste management information on Social media is relevant to my daily life","
I apply plastic waste management practices in my daily life", I regularly visit Social media platforms ,Social media can shape how I view matters,On which Social media platform do you most frequently encounter information about plastic waste management?,Social media influences my knowledge and attitude towards plastic waste management 
2024/02/26 11:29:17 PM GMT+1,Female,19-22,400lvl,VASS,Agree,Agree,Strongly Agree,Disagree,Seminars,Agree,Disagree,Agree,Disagree,Agree,Agree,Disagree,Tiktok,Agree
2024/02/27 12:01:01 AM GMT+1,Female,19-22,400lvl,CES ,Strongly Agree,Agree,Disagree,Disagree,"News outlets, Books",Strongly Disagree,Agree,Agree,Strongly Disagree,Disagree,Agree,Disagree,Instagram ,Disagree
2024/02/27 12:43:48 AM GMT+1,Female,19-22,400lvl,VASS,Agree,Agree,Disagree,Agree,Social media ,Disagree,Disagree,Strongly Agree,Disagree,Disagree,Disagree,Agree,Instagram ,Disagree
2024/02/27 7:25:00 AM GMT+1,Female,19-22,400lvl,SMS,Strongly Agree,Agree,Strongly Agree,Strongly Agree,"Seminars, Books",Agree,Agree,Agree,Agree,Agree,Agree,Agree,Facebook ,Strongly agree
2024/02/27 7:36:26 AM GMT+1,Female,19-22,400lvl,EAH,Strongly Agree,Agree,Strongly Agree,Strongly Agree,Social media ,Disagree,Agree,Disagree,Disagree,Agree,Strongly Agree,Strongly Agree,Tiktok,Agree
2024/02/27 9:23:11 AM GMT+1,Female,19-22,400lvl,VASS,Agree,Agree,Disagree,Agree,Seminars,Agree,Strongly Agree,Strongly Agree,Agree,Disagree,Strongly Agree,Agree,Instagram,Strongly agree
2024/02/27 1:14:25 PM GMT+1,Female,19-22,400lvl,SMS,Agree,Disagree,Disagree,Agree,Social media ,Strongly Disagree,Strongly Agree,Strongly Agree,Strongly Disagree,Strongly Agree,Agree,Agree,Instagram ,Agree
2024/02/27 2:09:33 PM GMT+1,Female,19-22,400lvl,LSS,Strongly Disagree,Agree,Agree,Agree,News outlets,Strongly Disagree,Agree,Strongly Agree,Agree,Agree,Agree,Agree,Instagram ,Agree
2024/02/27 2:24:45 PM GMT+1,Female,19-22,400lvl,LSS,Disagree,Agree,Agree,Agree,Social media ,Disagree,Agree,Agree,Agree,Disagree,Agree,Agree,"Instagram, Tiktok",Agree
2024/02/27 2:38:44 PM GMT+1,Female,19-22,400lvl,LSS,Agree,Agree,Disagree,Agree,I don't,Disagree,Agree,Agree,Disagree,Disagree,Strongly Agree,Agree,None,Strongly Disagree
2024/02/27 2:53:32 PM GMT+1,Male,15-18,200lvl,SAT,Agree,Agree,Disagree,Agree,Lectures,Agree,Agree,Agree,Agree,Agree,Agree,Strongly Disagree,Google,Disagree
2024/02/27 4:55:19 PM GMT+1,Male,19-22,300lvl,VASS,Strongly Agree,Agree,Disagree,Agree,News outlets,Disagree,Agree,Strongly Agree,Disagree,Agree,Strongly Agree,Strongly Agree,"Instagram, Google",Agree
2024/02/27 4:58:56 PM GMT+1,Female,15-18,300lvl,VASS,Strongly Agree,Strongly Agree,Disagree,Agree,Social media,Disagree,Agree,Strongly Agree,Agree,Disagree,Strongly Agree,Agree,"Instagram, Tiktok",Agree
2024/02/27 5:04:55 PM GMT+1,Female,15-18,300lvl,VASS,Strongly Agree,Strongly Disagree,Agree,Agree,News outlets ,Strongly Disagree,Agree,Agree,Disagree,Disagree,Agree,Agree,Instagram ,Agree
2024/02/27 5:05:06 PM GMT+1,Female,19-22,300lvl,VASS,Disagree,Strongly Disagree,Strongly Disagree,Strongly Disagree,N/A,Strongly Disagree,Strongly Disagree,Strongly Disagree,Strongly Disagree,Strongly Disagree,Strongly Agree,Agree,None,Disagree
2024/02/27 5:12:53 PM GMT+1,Male,15-18,400lvl,VASS,Disagree,Disagree,Disagree,Disagree,N/A,Disagree,Disagree,Agree,Disagree,Disagree,Agree,Agree,None,Disagree
2024/02/27 5:15:08 PM GMT+1,Male,19-22,400lvl,VASS,Disagree,Disagree,Disagree,Agree,Internet,Agree,Agree,Strongly Agree,Disagree,Agree,Agree,Agree,Tiktok,Agree
2024/02/27 5:24:07 PM GMT+1,Female,19-22,300lvl,VASS,Disagree,Disagree,Agree,Agree,Lectures,Disagree,Disagree,Agree,Disagree,Disagree,Strongly Agree,Agree,Instagram ,Disagree
2024/02/27 6:06:12 PM GMT+1,Female,23-26,400lvl,VASS,Agree,Disagree,Disagree,Agree,News outlets,Agree,Agree,Agree,Agree,Agree,Agree,Agree,Instagram ,Agree
2024/02/27 7:15:55 PM GMT+1,Female,19-22,300lvl,VASS,Agree,Disagree,Agree,Agree,News outlets,Disagree,Agree,Agree,Agree,Agree,Agree,Disagree,N/A,Agree
2024/02/28 10:04:15 AM GMT+1,Male,19-22,400lvl,CES ,Agree,Agree,Agree,Agree,"Books, Public Service Announcements",Agree,Strongly Disagree,Disagree,Disagree,Agree,Disagree,Agree,Instagram ,Disagree
2024/02/28 10:58:20 AM GMT+1,Female,23-26,400lvl,EAH,Agree,Agree,Disagree,Agree,News outlets,Disagree,Agree,Agree,Agree,Agree,Agree,Agree,News outlets,Agree
2024/02/28 1:03:25 PM GMT+1,Female,19-22,400lvl,EAH,Disagree,Agree,Disagree,Disagree,Internet,Disagree,Disagree,Agree,Agree,Disagree,Strongly Agree,Agree,Instagram ,Agree
2024/02/28 1:17:28 PM GMT+1,Female,15-18,400lvl,SMS,Agree,Agree,Agree,Agree,N/A,Disagree,Agree,Agree,Agree,Agree,Strongly Agree,Agree,N/A,Strongly agree
2024/02/28 6:52:22 PM GMT+1,Female,19-22,400lvl,Nursing,Agree,Agree,N/A,N/A,Lectures ,Agree,Agree,Agree,Disagree,Agree,Agree,Agree,N/A,Agree
2024/02/28 7:45:32 PM GMT+1,Female,19-22,300lvl,VASS,Strongly Agree,Agree,Agree,Agree,"Seminars, News outlets, Lectures ",Agree,Agree,Agree,Agree,Agree,Agree,Agree,Instagram ,Agree
2024/03/03 1:27:13 AM GMT+1,Female,19-22,200lvl,PAH ,Strongly Agree,Strongly Agree,Strongly Agree,Strongly Agree,Social media,Strongly agree,Strongly Agree,Strongly Agree,Strongly Agree,Strongly Agree,Agree,Strongly Agree,Instagram ,Strongly agree
2024/03/03 9:24:49 AM GMT+1,Female,19-22,400lvl,VASS,Disagree,Agree,Agree,Strongly Disagree,Internet,Strongly Disagree,Disagree,Disagree,Disagree,Disagree,Strongly Disagree,Agree,Snapchat,Disagree
2024/03/03 9:32:41 AM GMT+1,Female,19-22,300lvl,CES,Strongly Agree,Strongly Agree,Agree,Agree,"Seminars, News outlets",Disagree,Disagree,Agree,Strongly Agree,Agree,Agree,Disagree,None,Agree
2024/03/03 9:47:45 AM GMT+1,Female,19-22,300lvl,PAH,Agree,Agree,Disagree,Agree,N/A,Agree,Disagree,Agree,Agree,Disagree,Agree,Agree,N/A,Agree
2024/03/03 9:58:34 AM GMT+1,Female,19-22,400lvl,SMS,Strongly Agree,Agree,Strongly Agree,Strongly Agree,Internet,Agree,Strongly Agree,Strongly Agree,Agree,Agree,Strongly Agree,Agree,Instagram,Strongly Disagree
2024/03/03 2:07:31 PM GMT+1,Female,19-22,400lvl,VASS,Disagree,Disagree,Disagree,Agree,Lectures ,Disagree,Agree,Agree,Disagree,Agree,Agree,Agree,Instagram ,Agree
2024/03/03 5:20:02 PM GMT+1,Female,19-22,400lvl,VASS,Agree,Disagree,Agree,Agree,Lectures ,Disagree,Strongly Agree,Strongly Agree,Agree,Agree,Strongly Agree,Strongly Agree,None ,Disagree
2024/03/03 7:56:31 PM GMT+1,Female,19-22,300lvl,Nursing,Agree,Disagree,Disagree,Agree,Books,Disagree,Agree,Agree,Disagree,Disagree,Strongly Agree,Strongly Agree,Tiktok ,Strongly agree
2024/03/04 2:48:04 PM GMT+1,Female,19-22,400lvl,VASS,Agree,Agree,Agree,Agree,"Parents, Work ",Agree,Agree,Agree,Agree,Agree,Agree,Agree,X,Agree
2024/03/04 3:28:08 PM GMT+1,Male,19-22,200lvl,Nursing,Agree,Agree,Agree,Agree,Books,Disagree,Agree,Agree,Strongly Agree,Strongly Agree,Agree,Strongly Agree,"Instagram, Tiktok",Agree
2024/03/04 7:39:26 PM GMT+1,Female,15-18,400lvl,VASS,Agree,Strongly Disagree,Agree,Agree,Books,Strongly Disagree,Disagree,Agree,Strongly Disagree,Strongly Disagree,Strongly Agree,Strongly Agree,Instagram ,Agree
2024/03/04 7:41:02 PM GMT+1,Female,19-22,400lvl,CES,Agree,Agree,Disagree,Agree,News Outlets,Disagree,Disagree,Agree,Agree,Disagree,Agree,Agree,"Instagram, Tiktok",Agree
2024/03/04 11:23:18 PM GMT+1,Female,19-22,400lvl,CES,Agree,Agree,Agree,Disagree,Lectures,Agree,Agree,Strongly Agree,Agree,Agree,Agree,Agree,Snapchat,Agree
2024/03/05 12:23:59 AM GMT+1,Female,19-22,400lvl,PAH ,Strongly Agree,Agree,Agree,Strongly Disagree,N/A,Strongly agree,Strongly Agree,Strongly Agree,Strongly Agree,Strongly Agree,Disagree,Disagree,N/A,Strongly agree
2024/03/05 7:21:57 AM GMT+1,Male,19-22,400lvl,SMS,Strongly Agree,Agree,Strongly Disagree,Strongly Agree,"News outlets, Internet",Disagree,Strongly Agree,Agree,Disagree,Agree,Agree,Agree,"YouTube, Tiktok",Agree
2024/03/05 8:14:11 AM GMT+1,Male,19-22,400lvl,SMS,Strongly Agree,Strongly Agree,Strongly Agree,Strongly Agree,Social media ,Strongly agree,Strongly Agree,Strongly Agree,Strongly Agree,Strongly Agree,Strongly Agree,Strongly Agree,Instagram,Strongly agree
2024/03/05 8:43:08 AM GMT+1,Female,19-22,400lvl,CES ,Agree,Agree,Disagree,Agree,Seminars ,Disagree,Agree,Agree,Agree,Agree,Agree,Agree,Tiktok,Agree
2024/03/05 8:48:41 AM GMT+1,Male,19-22,400lvl,CES ,Disagree,Agree,Disagree,Agree,Media ,Disagree,Disagree,Disagree,Disagree,Disagree,Agree,Agree,YouTube ,Agree
2024/03/05 8:50:19 AM GMT+1,Female,19-22,300lvl,CES ,Agree,Agree,Disagree,Agree,News outlets,Disagree,Agree,Disagree,Disagree,Disagree,Agree,Agree,Tiktok,Disagree
2024/03/05 10:15:03 AM GMT+1,Male,19-22,100lvl,CES,Agree,Agree,Agree,Agree,Lectures,Agree,Strongly Agree,Strongly Agree,Strongly Agree,Strongly Agree,Strongly Agree,Agree,Instagram ,Strongly agree
2024/03/05 11:01:31 AM GMT+1,Male,15-18,100lvl,CES ,Strongly Agree,Strongly Agree,Strongly Agree,Strongly Agree,Seminars ,Strongly agree,Strongly Agree,Strongly Agree,Strongly Agree,Strongly Agree,Strongly Agree,Strongly Agree,Tiktok ,Strongly agree
2024/03/05 11:52:19 AM GMT+1,Female,19-22,400lvl,Nursing,Strongly Disagree,Agree,Strongly Agree,Agree,Social media,Strongly agree,Agree,Agree,Agree,Strongly Agree,Strongly Agree,Agree,Instagram ,Strongly agree
2024/03/06 7:59:48 AM GMT+1,Female,19-22,400lvl,CES,Strongly Agree,Agree,Agree,Agree,News outlets,Agree,Agree,Agree,Strongly Agree,Agree,Strongly Agree,Strongly Agree,X,Agree
2024/03/06 8:29:12 AM GMT+1,Female,15-18,200lvl,SMS,Agree,Strongly Agree,Disagree,Agree,"Social media, News outlets",Disagree,Strongly Agree,Strongly Agree,Strongly Agree,Agree,Agree,Agree,"Instagram, X, Tiktok",Agree
2024/03/06 12:08:25 PM GMT+1,Female,23-26,500lvl,Nursing,Agree,Agree,Disagree,Agree,News outlets ,Disagree,Agree,Strongly Agree,Agree,Agree,Agree,Disagree,Facebook ,Agree
2024/03/06 3:58:17 PM GMT+1,Male,19-22,400lvl,CES,Agree,Disagree,Agree,Agree,Seminars,Disagree,Disagree,Agree,Agree,Agree,Agree,Strongly Agree,Instagram ,Agree
2024/03/07 6:21:01 PM GMT+1,Female,19-22,300lvl,LSS,Strongly Agree,Strongly Agree,Strongly Disagree,Strongly Agree,News outlets,Strongly agree,Strongly Agree,Strongly Agree,Strongly Agree,Strongly Agree,Strongly Agree,Agree,"Instagram, Snapchat",Strongly agree
2024/03/07 8:13:32 PM GMT+1,Male,19-22,500lvl,SAT,Strongly Agree,Agree,Agree,Strongly Agree,"Internet, Videos ",Agree,Agree,Agree,Agree,Agree,Strongly Agree,Strongly Agree,Tiktok,Agree
2024/03/07 8:25:01 PM GMT+1,Male,23-26,400lvl,EAH,Agree,Agree,Strongly Disagree,Disagree,News outlets ,Strongly Disagree,Agree,Agree,Strongly Disagree,Strongly Agree,Agree,Strongly Agree,Facebook ,Strongly agree
2024/03/07 8:32:57 PM GMT+1,Male,19-22,400lvl,CES,Disagree,Disagree,Agree,Disagree,None,Disagree,Disagree,Agree,Disagree,Disagree,Strongly Agree,Strongly Disagree,None,Disagree
2024/03/07 8:43:49 PM GMT+1,Male,27-100,400lvl,EAH,Disagree,Disagree,Disagree,Disagree,News outlets ,Disagree,Agree,Agree,Agree,Agree,Strongly Agree,Strongly Agree,Facebook ,Agree
2024/03/07 8:49:22 PM GMT+1,Male,23-26,400lvl,VASS,Disagree,Agree,Disagree,Disagree,News outlets ,Disagree,Agree,Disagree,Strongly Agree,Agree,Agree,Agree,Instagram ,Agree
2024/03/07 8:49:29 PM GMT+1,Male,23-26,400lvl,SMS,Strongly Agree,Agree,Agree,Strongly Agree,News outlets,Disagree,Agree,Agree,Agree,Agree,Agree,Agree,None,Agree
2024/03/07 9:44:26 PM GMT+1,Male,19-22,400lvl,CES,Agree,Agree,Agree,Strongly Agree,Lectures ,Disagree,Agree,Strongly Agree,Agree,Agree,Strongly Agree,Agree,X ,Agree
2024/03/07 10:51:23 PM GMT+1,Male,19-22,400lvl,CES ,Agree,Strongly Disagree,Strongly Disagree,Agree,News outlets,Strongly Disagree,Agree,Strongly Disagree,Strongly Disagree,Agree,Strongly Agree,Strongly Agree,Tiktok,Agree
2024/03/07 10:54:13 PM GMT+1,Female,19-22,400lvl,VASS,Agree,Agree,Agree,Agree,Seminars,Agree,Agree,Agree,Agree,Agree,Agree,Disagree,Instagram,Agree
2024/03/07 11:23:55 PM GMT+1,Female,19-22,300lvl,VASS,Agree,Agree,Agree,Agree,"News outlets, Lectures and Books ",Agree,Agree,Agree,Agree,Agree,Agree,Agree,"Instagram, YouTube",Agree
2024/03/08 12:46:54 AM GMT+1,Male,19-22,500lvl,PAH,Agree,Disagree,Agree,Agree,Seminars ,Disagree,Agree,Agree,Disagree,Disagree,Agree,Agree,None,Disagree
2024/03/08 8:00:38 AM GMT+1,Male,19-22,400lvl,SMS,Strongly Agree,Strongly Agree,Agree,Agree,None,Disagree,Strongly Agree,Strongly Agree,Strongly Agree,Agree,Strongly Agree,Strongly Agree,Facebook,Strongly agree
2024/03/08 3:52:47 PM GMT+1,Male,19-22,400lvl,VASS,Disagree,Agree,Strongly Disagree,Disagree,Social media ,Strongly Disagree,Agree,Disagree,Agree,Disagree,Strongly Agree,Strongly Agree,Instagram ,Agree
2024/03/09 6:53:14 PM GMT+1,Male,23-26,500lvl,SAT,Disagree,Agree,Agree,Agree,"Internet, Lectures ",Agree,Agree,Agree,Disagree,Agree,Agree,Disagree,None,Agree
2024/03/09 10:09:45 PM GMT+1,Female,19-22,400lvl,VASS,Agree,Agree,Strongly Agree,Agree,"Seminars, Lectures ",Agree,Strongly Agree,Strongly Agree,Disagree,Disagree,Agree,Agree,YouTube ,Agree
2024/03/09 10:11:35 PM GMT+1,Male,15-18,100lvl,CES,Agree,Strongly Agree,Strongly Agree,Agree,"News outlets, Books",Strongly agree,Strongly Agree,Agree,Strongly Agree,Agree,Agree,Strongly Agree,Instagram ,Strongly agree
2024/03/10 5:41:57 AM GMT+1,Male,23-26,400lvl,CES,Strongly Agree,Strongly Agree,Agree,Agree,News outlets ,Agree,Strongly Agree,Agree,Agree,Agree,Strongly Agree,Strongly Agree,Facebook ,Agree
2024/03/11 8:34:10 PM GMT+1,Female,23-26,400lvl,VASS,Agree,Agree,Agree,Agree,"Seminars, News outlets, Lectures, Books",Agree,Agree,Strongly Agree,Agree,Agree,Agree,Agree,X ,Agree
2024/03/12 2:24:09 PM GMT+1,Female,19-22,300lvl,CES,Agree,Agree,Agree,Agree,"Lectures, Social media ",Agree,Agree,Agree,Agree,Disagree,Agree,Agree,Instagram,Agree
2024/03/13 3:26:00 AM GMT+1,Female,19-22,300lvl,SMS,Agree,Strongly Agree,Agree,Disagree,Tv,Agree,Agree,Strongly Agree,Agree,Agree,Strongly Agree,Strongly Agree,Tiktok ,Agree
2024/03/14 8:38:45 AM GMT+1,Female,19-22,400lvl,VASS,Agree,Disagree,Agree,Agree,Books,Disagree,Agree,Agree,Disagree,Agree,Agree,Disagree,Instagram,Agree
2024/03/14 9:40:35 AM GMT+1,Female,19-22,400lvl,PAH,Agree,Agree,Agree,Agree,Books ,Agree,Agree,Strongly Agree,Agree,Agree,Agree,Strongly Agree,Instagram ,Agree
2024/03/15 9:33:26 AM GMT+1,Female,23-26,400lvl,VASS,Agree,Disagree,Strongly Agree,Agree,News outlets,Disagree,Agree,Agree,Disagree,Disagree,Agree,Agree,"Instagram, Tiktok",Agree
2024/03/15 5:12:34 PM GMT+1,Male,23-26,200lvl,SMS,Agree,Agree,Agree,Agree,News outlets,Disagree,Agree,Agree,Agree,Disagree,Agree,Disagree,Tiktok,Disagree
2024/03/15 5:14:30 PM GMT+1,Male,19-22,300lvl,SMS,Disagree,Agree,Disagree,Disagree,None,Disagree,Disagree,Agree,Disagree,Disagree,Agree,Agree,None,Disagree
2024/03/15 5:17:55 PM GMT+1,Male,15-18,200lvl,VASS,Agree,Agree,Agree,Agree,Social media,Agree,Agree,Agree,Agree,Agree,Agree,Agree,Instagram,Agree
2024/03/15 5:21:58 PM GMT+1,Male,23-26,400lvl,LSS,Agree,Agree,Agree,Agree,"Seminars, News outlets",Agree,Agree,Agree,Agree,Agree,Agree,Agree,"Instagram, Tiktok, Snapchat",Agree
2024/03/15 7:20:23 PM GMT+1,Male,19-22,300lvl,CES,Agree,Agree,Agree,Agree,Social media ,Agree,Agree,Agree,Agree,Agree,Agree,Agree,Instagram ,Agree
2024/03/15 8:54:36 PM GMT+1,Male,19-22,400lvl,VASS,Agree,Agree,Agree,Agree,Lectures,Agree,Agree,Strongly Agree,Agree,Agree,Strongly Agree,Strongly Agree,Snapchat ,Agree
2024/03/15 9:01:35 PM GMT+1,Male,15-18,300lvl,CES,Disagree,Agree,Agree,Agree,Social media ,Agree,Agree,Strongly Agree,Agree,Strongly Disagree,Agree,Agree,Tiktok,Strongly agree
2024/03/15 9:02:45 PM GMT+1,Male,23-26,400lvl,EAH,Agree,Disagree,Strongly Agree,Agree,Seminars ,Disagree,Agree,Agree,Agree,Agree,Disagree,Agree,Instagram ,Agree
2024/03/15 9:03:53 PM GMT+1,Male,15-18,200lvl,SMS,Agree,Agree,Agree,Agree,Social media ,Disagree,Agree,Agree,Agree,Agree,Agree,Agree,Instagram ,Agree
2024/03/15 9:05:21 PM GMT+1,Male,23-26,400lvl,SMS,Strongly Agree,Strongly Agree,Strongly Agree,Strongly Agree,"Social media, Seminars",Agree,Strongly Agree,Strongly Agree,Agree,Agree,Strongly Agree,Agree,X ,Agree
2024/03/15 9:07:33 PM GMT+1,Male,23-26,400lvl,VASS,Strongly Agree,Strongly Agree,Strongly Agree,Strongly Agree,"Social media, Lectures, News outlets ",Strongly agree,Strongly Agree,Strongly Agree,Strongly Agree,Strongly Agree,Strongly Agree,Strongly Agree,"Instagram, Google",Strongly agree
2024/03/15 9:08:36 PM GMT+1,Male,19-22,400lvl,VASS,Agree,Agree,Agree,Agree,Social media ,Agree,Agree,Agree,Agree,Agree,Strongly Agree,Agree,Tiktok ,Agree
2024/03/15 9:10:11 PM GMT+1,Male,15-18,200lvl,VASS,Agree,Strongly Agree,Agree,Agree,Seminars ,Agree,Agree,Agree,Agree,Agree,Strongly Agree,Agree,"Instagram, Tiktok",Agree
2024/03/15 9:11:35 PM GMT+1,Male,15-18,200lvl,VASS,Disagree,Agree,Disagree,Disagree,None,Disagree,Disagree,Agree,Disagree,Disagree,Strongly Agree,Agree,None ,Disagree
2024/03/15 9:20:11 PM GMT+1,Male,19-22,300lvl,VASS,Disagree,Agree,Disagree,Disagree,Social media ,Disagree,Disagree,Agree,Disagree,Disagree,Strongly Agree,Disagree,Instagram ,Disagree
2024/03/15 9:21:41 PM GMT+1,Male,23-26,400lvl,VASS,Disagree,Agree,Agree,Agree,Seminars ,Disagree,Agree,Agree,Disagree,Disagree,Strongly Agree,Disagree,Facebook ,Disagree
2024/03/15 9:22:34 PM GMT+1,Male,23-26,400lvl,SMS,Disagree,Disagree,Disagree,Disagree,None,Disagree,Disagree,Agree,Disagree,Disagree,Agree,Agree,None,Disagree
2024/03/15 9:24:20 PM GMT+1,Male,15-18,200lvl,PAH ,Strongly Agree,Agree,Strongly Agree,Agree,"Seminars, Lectures, Social media",Agree,Strongly Agree,Strongly Agree,Strongly Agree,Strongly Agree,Agree,Agree,"Instagram, X",Agree
2024/03/15 9:25:35 PM GMT+1,Female,19-22,400lvl,VASS,Agree,Strongly Agree,Agree,Agree,"Social media, Seminars",Agree,Agree,Agree,Agree,Agree,Strongly Agree,Agree,"Instagram, Tiktok",Agree
2024/03/15 9:27:04 PM GMT+1,Female,19-22,400lvl,VASS,Agree,Agree,Agree,Agree,"Lectures, Social media ",Agree,Agree,Agree,Agree,Agree,Strongly Agree,Agree,"Instagram, Google",Agree
2024/03/15 9:27:57 PM GMT+1,Female,23-26,400lvl,PAH ,Strongly Agree,Agree,Strongly Agree,Agree,"Seminars, News outlets, Lectures, Books",Agree,Strongly Agree,Strongly Agree,Agree,Agree,Agree,Agree,Instagram ,Agree
2024/03/15 9:29:29 PM GMT+1,Female,19-22,400lvl,PAH ,Strongly Agree,Agree,Agree,Strongly Agree,"Seminars, Lectures ",Disagree,Strongly Agree,Strongly Agree,Disagree,Strongly Agree,Disagree,Disagree,None ,Disagree
2024/03/15 9:30:58 PM GMT+1,Female,23-26,500lvl,Nursing,Agree,Agree,Agree,Agree,"Seminars, News outlets, Lectures, Books",Agree,Strongly Agree,Strongly Agree,Agree,Strongly Agree,Agree,Agree,Facebook ,Agree
2024/03/15 9:32:02 PM GMT+1,Female,23-26,500lvl,Nursing,Strongly Agree,Agree,Agree,Strongly Agree,"Seminars, News outlets",Agree,Agree,Agree,Agree,Agree,Agree,Agree,Facebook ,Agree
2024/03/16 2:37:47 PM GMT+1,Female,15-18,200lvl,EAH,Strongly Disagree,Disagree,Disagree,Disagree,None,Disagree,Disagree,Agree,Disagree,Disagree,Agree,Disagree,None,Disagree
2024/03/16 2:56:26 PM GMT+1,Female,23-26,400lvl,SMS,Agree,Strongly Agree,Agree,Agree,"Social media, Seminars",Agree,Agree,Agree,Agree,Agree,Strongly Agree,Agree,Facebook,Agree
2024/03/16 3:45:03 PM GMT+1,Female,15-18,200lvl,SMS,Strongly Disagree,Agree,Agree,Disagree,Lectures,Disagree,Disagree,Agree,Disagree,Disagree,Agree,Agree,X,Agree
2024/03/16 4:45:27 PM GMT+1,Female,19-22,400lvl,VASS,Agree,Agree,Disagree,Agree,"Social media, News outlets",Strongly agree,Agree,Strongly Agree,Agree,Agree,Strongly Agree,Agree,"X, Tiktok",Agree
2024/03/16 4:55:39 PM GMT+1,Female,19-22,300lvl,LSS,Agree,Agree,Agree,Agree,Seminars,Agree,Agree,Agree,Agree,Agree,Agree,Agree,X,Agree
2024/03/16 4:57:06 PM GMT+1,Female,23-26,400lvl,LSS,Agree,Agree,Agree,Agree,Seminars,Agree,Agree,Agree,Agree,Disagree,Strongly Agree,Agree,X,Agree
2024/03/16 6:23:12 PM GMT+1,Male,15-18,200lvl,VASS,Disagree,Agree,Disagree,Disagree,Social media,Disagree,Disagree,Agree,Disagree,Disagree,Strongly Agree,Disagree,X,Disagree
2024/03/16 6:25:09 PM GMT+1,Female,23-26,500lvl,Nursing,Strongly Agree,Strongly Agree,Strongly Agree,Strongly Agree,"Seminars, Lectures, Social media",Strongly agree,Strongly Agree,Strongly Agree,Strongly Agree,Strongly Agree,Strongly Agree,Strongly Agree,Instagram,Strongly agree
2024/03/16 6:27:38 PM GMT+1,Male,15-18,200lvl,SMS,Agree,Agree,Agree,Agree,News outlets,Agree,Agree,Strongly Agree,Agree,Agree,Strongly Agree,Agree,X,Agree
2024/03/16 6:31:09 PM GMT+1,Male,23-26,500lvl,Nursing,Agree,Strongly Agree,Agree,Agree,News outlets ,Agree,Strongly Agree,Strongly Agree,Agree,Agree,Strongly Agree,Agree,X,Agree
2024/03/16 6:31:26 PM GMT+1,Female,23-26,500lvl,Nursing,Agree,Strongly Agree,Agree,Agree,Seminars,Strongly agree,Strongly Agree,Strongly Agree,Agree,Agree,Strongly Agree,Agree,Facebook,Agree
2024/03/16 6:37:20 PM GMT+1,Male,15-18,200lvl,VASS,Disagree,Agree,Disagree,Disagree,"Social media, Seminars",Disagree,Agree,Strongly Agree,Disagree,Disagree,Disagree,Disagree,None,Disagree
2024/03/16 6:37:30 PM GMT+1,Female,15-18,200lvl,VASS,Disagree,Agree,Disagree,Disagree,"Social media, Seminars",Disagree,Agree,Strongly Agree,Disagree,Disagree,Disagree,Disagree,None,Disagree
2024/03/16 6:39:43 PM GMT+1,Female,15-18,200lvl,EAH,Agree,Agree,Agree,Agree,"Seminars, News outlets, Lectures, Books",Agree,Agree,Strongly Agree,Agree,Agree,Strongly Agree,Agree,X,Agree
2024/03/16 6:40:32 PM GMT+1,Female,15-18,200lvl,EAH,Agree,Agree,Agree,Agree,"Seminars, News outlets, Lectures, Books",Agree,Agree,Strongly Agree,Agree,Agree,Strongly Agree,Agree,Tiktok,Agree
2024/03/16 6:43:26 PM GMT+1,Female,23-26,400lvl,VASS,Strongly Agree,Agree,Agree,Agree,Seminars,Agree,Strongly Agree,Strongly Agree,Agree,Agree,Strongly Agree,Agree,Facebook,Agree
2024/03/16 6:43:54 PM GMT+1,Male,23-26,400lvl,VASS,Strongly Agree,Agree,Agree,Agree,"Lectures, Tv",Strongly agree,Agree,Strongly Agree,Strongly Agree,Strongly Agree,Agree,Agree,Facebook,Agree
2024/03/16 6:45:41 PM GMT+1,Male,19-22,300lvl,VASS,Disagree,Agree,Agree,Disagree,Social media,Disagree,Disagree,Strongly Agree,Disagree,Disagree,Strongly Agree,Agree,Snapchat,Agree
2024/03/16 6:47:37 PM GMT+1,Female,23-26,400lvl,VASS,Strongly Disagree,Disagree,Disagree,Disagree,None,Strongly Disagree,Disagree,Agree,Disagree,Disagree,Strongly Agree,Strongly Agree,None,Disagree
2024/03/16 6:48:23 PM GMT+1,Male,23-26,400lvl,VASS,Strongly Disagree,Disagree,Disagree,Strongly Disagree,None,Strongly Disagree,Disagree,Agree,Disagree,Disagree,Agree,Agree,None,Disagree
2024/03/16 10:10:35 PM GMT+1,Male,19-22,400lvl,VASS,Agree,Agree,Agree,Agree,Seminars ,Agree,Agree,Agree,Agree,Agree,Agree,Agree,YouTube ,Agree
2024/03/17 11:17:59 AM GMT+1,Male,23-26,400lvl,VASS,Agree,Agree,Agree,Agree,News outlets ,Agree,Agree,Strongly Agree,Agree,Agree,Agree,Agree,YouTube,Agree
2024/03/17 11:25:02 AM GMT+1,Male,19-22,400lvl,PAH,Agree,Strongly Agree,Agree,Agree,"Social media, News outlets",Agree,Strongly Agree,Strongly Agree,Agree,Agree,Strongly Agree,Agree,YouTube,Agree
2024/03/17 11:27:58 AM GMT+1,Female,15-18,400lvl,VASS,Strongly Disagree,Strongly Disagree,Strongly Disagree,Agree,Plastic bottles/containers,Strongly Disagree,Agree,Agree,Agree,Disagree,Strongly Agree,Agree,Tiktok ,Agree
2024/03/17 11:50:51 AM GMT+1,Male,19-22,400lvl,Nursing,Agree,Agree,Agree,Agree,Books,Agree,Agree,Agree,Agree,Agree,Agree,Agree,Instagram ,Agree
2024/03/17 11:53:53 AM GMT+1,Male,23-26,300lvl,VASS,Agree,Strongly Agree,Agree,Strongly Agree,Seminars ,Strongly agree,Agree,Agree,Strongly Agree,Strongly Agree,Agree,Strongly Agree,X ,Strongly agree
2024/03/17 12:45:41 PM GMT+1,Male,19-22,400lvl,VASS,Disagree,Strongly Disagree,Agree,Agree,I don't,Strongly Disagree,Disagree,Disagree,Strongly Disagree,Disagree,Agree,Disagree,None,Disagree
2024/03/17 2:46:09 PM GMT+1,Female,19-22,400lvl,VASS,Agree,Agree,Agree,Agree,Seminars,Agree,Agree,Agree,Disagree,Agree,Agree,Agree,Instagram ,Agree
2024/03/17 3:28:36 PM GMT+1,Female,19-22,400lvl,SAT,Strongly Disagree,Disagree,Disagree,Disagree,None,Disagree,Disagree,Agree,Disagree,Disagree,Agree,Disagree,None,Disagree
2024/03/17 3:31:45 PM GMT+1,Male,19-22,400lvl,SAT,Disagree,Disagree,Disagree,Disagree,None,Disagree,Disagree,Agree,Disagree,Disagree,Agree,Disagree,None,Disagree
2024/03/17 3:34:29 PM GMT+1,Female,15-18,200lvl,Nursing,Agree,Strongly Agree,Agree,Agree,"Lectures, Social media ",Agree,Agree,Strongly Agree,Agree,Agree,Strongly Agree,Agree,"Instagram, YouTube",Agree
2024/03/17 3:37:54 PM GMT+1,Female,19-22,400lvl,EAH,Agree,Agree,Agree,Agree,Seminars,Strongly Disagree,Strongly Agree,Strongly Agree,Agree,Agree,Strongly Agree,Agree,LinkedIn,Agree
2024/03/17 3:37:56 PM GMT+1,Male,19-22,400lvl,EAH,Agree,Agree,Agree,Agree,Social media,Strongly Disagree,Strongly Agree,Strongly Agree,Agree,Agree,Strongly Agree,Agree,LinkedIn,Agree
2024/03/17 3:59:04 PM GMT+1,Female,23-26,400lvl,LSS,Disagree,Agree,Disagree,Disagree,"Social media, Seminars",Disagree,Strongly Agree,Disagree,Disagree,Agree,Agree,Disagree,Instagram,Disagree
2024/03/17 3:59:43 PM GMT+1,Male,23-26,400lvl,LSS,Disagree,Agree,Disagree,Disagree,"Social media, Seminars",Disagree,Agree,Strongly Agree,Disagree,Agree,Agree,Disagree,YouTube,Disagree
2024/03/17 4:05:30 PM GMT+1,Male,23-26,500lvl,LSS,Agree,Strongly Agree,Agree,Agree,News outlets,Strongly agree,Strongly Agree,Strongly Agree,Agree,Agree,Strongly Agree,Agree,"Instagram, YouTube",Agree
2024/03/17 4:05:54 PM GMT+1,Female,23-26,500lvl,LSS,Agree,Strongly Agree,Agree,Agree,"Social media, News outlets",Agree,Strongly Agree,Strongly Agree,Agree,Agree,Strongly Agree,Agree,Tiktok,Agree
2024/03/17 4:06:56 PM GMT+1,Female,15-18,200lvl,LSS,Agree,Agree,Agree,Agree,Social media,Agree,Agree,Agree,Agree,Agree,Strongly Agree,Agree,X,Agree
2024/03/17 5:39:16 PM GMT+1,Male,19-22,400lvl,VASS,Disagree,Disagree,Agree,Disagree,News outlets,Strongly Disagree,Agree,Agree,Disagree,Agree,Strongly Agree,Agree,Instagram ,Agree
2024/03/17 11:07:00 PM GMT+1,Male,19-22,200lvl,VASS,Agree,Agree,Strongly Agree,Strongly Agree,Books ,Agree,Agree,Strongly Agree,Strongly Agree,Strongly Agree,Agree,Strongly Agree,Instagram ,Strongly agree
2024/03/17 11:20:29 PM GMT+1,Female,19-22,400lvl,VASS,Agree,Disagree,Disagree,Agree,Books,Disagree,Agree,Strongly Agree,Disagree,Disagree,Strongly Agree,Strongly Agree,Instagram ,Agree
2024/03/17 11:42:29 PM GMT+1,Female,15-18,400lvl,SMS,Agree,Agree,Agree,Agree,"News outlets, Someone special ",Agree,Agree,Agree,Agree,Agree,Agree,Agree,"Facebook, Tiktok",Agree
2024/03/17 11:57:43 PM GMT+1,Female,15-18,400lvl,VASS,Agree,Agree,Agree,Agree,Books,Agree,Agree,Agree,Agree,Agree,Strongly Agree,Strongly Agree,Instagram ,Agree
2024/03/18 7:14:48 AM GMT+1,Male,19-22,400lvl,VASS,Agree,Strongly Disagree,Strongly Disagree,Agree,"Seminars, News outlets",Strongly Disagree,Agree,Agree,Agree,Agree,Agree,Agree,"Instagram, X",Agree
2024/03/18 8:40:59 AM GMT+1,Male,15-18,100lvl,CES,Agree,Strongly Agree,Agree,Agree,"Social media, News outlets",Disagree,Disagree,Strongly Agree,Disagree,Disagree,Strongly Agree,Agree,Snapchat,Disagree
2024/03/18 8:41:13 AM GMT+1,Female,15-18,100lvl,VASS,Disagree,Strongly Agree,Agree,Disagree,"Social media, News outlets",Disagree,Disagree,Strongly Agree,Disagree,Disagree,Strongly Agree,Disagree,Snapchat,Disagree
2024/03/18 8:44:15 AM GMT+1,Male,15-18,200lvl,VASS,Agree,Agree,Agree,Agree,Social media,Agree,Agree,Agree,Agree,Agree,Agree,Agree,"Instagram, Snapchat",Agree
2024/03/18 8:44:33 AM GMT+1,Female,15-18,200lvl,CES,Agree,Agree,Agree,Agree,Social media,Agree,Agree,Strongly Agree,Agree,Agree,Agree,Agree,"Instagram, Snapchat",Agree
2024/03/18 9:02:44 AM GMT+1,Male,19-22,400lvl,CES,Disagree,Agree,Agree,Disagree,Social media,Disagree,Disagree,Strongly Agree,Disagree,Disagree,Agree,Disagree,YouTube,Disagree
2024/03/18 9:02:58 AM GMT+1,Female,19-22,300lvl,CES,Disagree,Agree,Disagree,Disagree,Social media,Disagree,Disagree,Agree,Disagree,Disagree,Agree,Disagree,Tiktok,Disagree
2024/03/18 11:14:23 AM GMT+1,Male,19-22,400lvl,VASS,Agree,Disagree,Agree,Agree,"News outlets, Movies",Disagree,Disagree,Agree,Agree,Disagree,Agree,Agree,Instagram ,Agree
2024/03/19 3:14:30 PM GMT+1,Female,23-26,400lvl,LSS,Agree,Agree,Agree,Agree,Social media,Agree,Agree,Agree,Agree,Agree,Agree,Agree,Instagram,Agree
2024/03/22 11:32:39 AM GMT+1,Female,15-18,200lvl,SAT,Agree,Agree,Agree,Agree,"Social media, News outlets",Agree,Agree,Agree,Agree,Agree,Agree,Agree,YouTube,Agree
2024/03/22 11:35:41 AM GMT+1,Male,19-22,300lvl,SAT,Disagree,Agree,Disagree,Disagree,Social media,Disagree,Agree,Strongly Agree,Disagree,Disagree,Strongly Agree,Disagree,Instagram,Disagree
2024/03/22 11:38:55 AM GMT+1,Female,23-26,400lvl,SAT,Strongly Agree,Strongly Agree,Strongly Agree,Strongly Agree,"Seminars, News outlets, Lectures, Books",Strongly agree,Strongly Agree,Strongly Agree,Strongly Agree,Strongly Agree,Strongly Agree,Strongly Agree,"Instagram, Tiktok, YouTube",Strongly agree
2024/03/22 11:44:34 AM GMT+1,Female,19-22,300lvl,SAT,Disagree,Strongly Disagree,Disagree,Strongly Disagree,None,Disagree,Disagree,Agree,Disagree,Disagree,Agree,Disagree,None,Disagree
2024/03/22 11:52:57 AM GMT+1,Male,19-22,400lvl,SAT,Disagree,Agree,Agree,Disagree,Social media,Disagree,Disagree,Strongly Agree,Disagree,Disagree,Agree,Disagree,Snapchat,Disagree
2024/03/22 11:55:57 AM GMT+1,Female,15-18,200lvl,SAT,Agree,Agree,Agree,Agree,"Social media, Seminars",Agree,Agree,Strongly Agree,Agree,Agree,Agree,Agree,"Instagram, Snapchat",Agree
2024/03/22 12:00:55 PM GMT+1,Female,23-26,400lvl,SAT,Strongly Agree,Strongly Agree,Strongly Agree,Strongly Agree,"Seminars, Social media, News outlets",Strongly agree,Strongly Agree,Strongly Agree,Strongly Agree,Strongly Agree,Strongly Agree,Strongly Agree,"Instagram, Google",Strongly agree
2024/03/22 12:02:47 PM GMT+1,Female,19-22,400lvl,SAT,Strongly Disagree,Strongly Disagree,Strongly Disagree,Strongly Disagree,None,Strongly Disagree,Disagree,Agree,Strongly Disagree,Strongly Disagree,Disagree,Strongly Disagree,None,Disagree
2024/03/22 12:04:20 PM GMT+1,Male,23-26,400lvl,SAT,Agree,Agree,Agree,Agree,Social media,Agree,Agree,Agree,Agree,Agree,Agree,Agree,Instagram,Agree
2024/03/22 12:05:10 PM GMT+1,Male,19-22,400lvl,SAT,Agree,Agree,Agree,Agree,Social media,Agree,Agree,Agree,Agree,Agree,Agree,Agree,Tiktok,Agree
2024/03/22 12:11:00 PM GMT+1,Female,15-18,200lvl,SAT,Disagree,Agree,Agree,Disagree,Social media,Disagree,Disagree,Agree,Disagree,Disagree,Agree,Agree,Snapchat,Disagree
2024/03/22 12:13:18 PM GMT+1,Female,15-18,200lvl,SAT,Disagree,Disagree,Disagree,Disagree,None,Disagree,Disagree,Disagree,Disagree,Disagree,Disagree,Disagree,None,Disagree
2024/03/22 12:20:12 PM GMT+1,Female,19-22,400lvl,Nursing,Agree,Agree,Agree,Agree,News outlets,Agree,Agree,Agree,Agree,Agree,Agree,Agree,Instagram ,Agree
2024/03/23 2:17:06 PM GMT+1,Female,23-26,400lvl,SAT,Agree,Strongly Agree,Agree,Agree,"Social media, News outlets",Agree,Strongly Agree,Strongly Agree,Agree,Agree,Strongly Agree,Agree,Facebook,Agree
2024/03/23 2:17:19 PM GMT+1,Male,23-26,400lvl,SAT,Agree,Strongly Agree,Agree,Agree,"Social media, Seminars",Agree,Agree,Strongly Agree,Agree,Agree,Agree,Agree,Facebook,Agree
2024/03/23 2:19:07 PM GMT+1,Female,19-22,300lvl,SAT,Agree,Agree,Agree,Agree,"Social media, Seminars",Agree,Agree,Agree,Agree,Agree,Agree,Agree,Instagram,Agree
2024/03/23 2:19:27 PM GMT+1,Male,19-22,400lvl,SAT,Strongly Agree,Strongly Agree,Strongly Agree,Strongly Agree,"Social media, Seminars",Strongly agree,Strongly Agree,Strongly Agree,Strongly Agree,Strongly Agree,Strongly Agree,Strongly Agree,"Instagram, Tiktok",Strongly agree
2024/03/23 2:25:24 PM GMT+1,Female,15-18,200lvl,SAT,Disagree,Agree,Disagree,Disagree,Social media,Disagree,Disagree,Agree,Disagree,Disagree,Strongly Agree,Agree,Snapchat,Disagree
2024/03/23 2:26:51 PM GMT+1,Male,15-18,200lvl,SAT,Disagree,Agree,Disagree,Disagree,Social media,Disagree,Disagree,Agree,Disagree,Disagree,Agree,Agree,X,Agree
2024/03/23 2:31:11 PM GMT+1,Male,19-22,400lvl,SAT,Agree,Strongly Agree,Strongly Agree,Agree,Social media,Agree,Strongly Agree,Strongly Agree,Agree,Agree,Strongly Agree,Agree,Snapchat,Agree
2024/03/23 2:34:07 PM GMT+1,Female,15-18,300lvl,SAT,Strongly Agree,Strongly Agree,Strongly Agree,Strongly Agree,"Social media, Seminars",Strongly agree,Strongly Agree,Strongly Agree,Strongly Agree,Strongly Agree,Strongly Agree,Agree,Snapchat,Agree
2024/03/23 3:16:19 PM GMT+1,Female,15-18,200lvl,SAT,Disagree,Agree,Agree,Disagree,Social media,Disagree,Agree,Strongly Agree,Disagree,Disagree,Strongly Agree,Agree,Instagram,Agree
2024/03/23 3:16:27 PM GMT+1,Male,15-18,300lvl,SAT,Agree,Agree,Agree,Agree,Social media,Agree,Agree,Strongly Agree,Agree,Disagree,Agree,Agree,"Instagram, X",Agree
2024/03/25 2:52:41 PM GMT+1,Female,19-22,400lvl,VASS,Agree,Disagree,Disagree,Agree,News outlets ,Agree,Strongly Agree,Strongly Agree,Disagree,Agree,Agree,Strongly Disagree,Instagram,Agree
2024/03/25 8:33:40 PM GMT+1,Female,15-18,200lvl,Nursing,Agree,Agree,Agree,Agree,"Social media, Seminars",Agree,Agree,Strongly Agree,Agree,Disagree,Agree,Agree,Snapchat,Agree
2024/03/25 8:35:48 PM GMT+1,Female,15-18,200lvl,Nursing,Agree,Agree,Agree,Agree,"Social media, News outlets",Agree,Agree,Agree,Agree,Disagree,Agree,Agree,Instagram,Agree
2024/03/25 8:37:39 PM GMT+1,Female,19-22,300lvl,Nursing,Agree,Disagree,Agree,Agree,Seminars,Disagree,Agree,Strongly Agree,Disagree,Agree,Agree,Disagree,None,Disagree
2024/03/25 8:38:30 PM GMT+1,Female,19-22,300lvl,Nursing,Agree,Disagree,Agree,Agree,"Seminars, News outlets",Disagree,Agree,Agree,Disagree,Agree,Disagree,Disagree,None,Disagree
2024/03/25 8:44:48 PM GMT+1,Female,19-22,400lvl,Nursing,Agree,Agree,Agree,Agree,"Social media, Seminars",Agree,Agree,Agree,Agree,Agree,Agree,Agree,"Instagram, Tiktok",Agree
2024/03/25 8:45:38 PM GMT+1,Female,19-22,400lvl,Nursing,Agree,Agree,Agree,Agree,"Social media, Seminars",Agree,Agree,Agree,Agree,Agree,Agree,Agree,Snapchat,Agree
2024/03/27 11:13:09 AM GMT+1,Female,23-26,500lvl,Nursing,Strongly Agree,Agree,Agree,Agree,News outlets ,Disagree,Strongly Agree,Strongly Agree,Disagree,Agree,Agree,Disagree,None,Disagree
2024/03/27 11:14:20 AM GMT+1,Female,23-26,500lvl,Nursing,Agree,Disagree,Agree,Agree,Seminars,Disagree,Agree,Agree,Disagree,Agree,Strongly Agree,Disagree,None,Disagree
2024/03/27 12:08:19 PM GMT+1,Female,19-22,400lvl,SMS,Agree,Agree,Agree,Agree,"Social media, News outlets",Agree,Agree,Agree,Disagree,Disagree,Agree,Agree,X,Agree
2024/03/27 5:05:45 PM GMT+1,Female,19-22,400lvl,VASS,Agree,Agree,Agree,Agree,"Seminars, Books",Disagree,Agree,Agree,Agree,Agree,Agree,Agree,"Instagram, WhatsApp",Agree
2024/03/27 10:41:50 PM GMT+1,Female,19-22,400lvl,Nursing,Strongly Disagree,Disagree,Disagree,Disagree,None,Disagree,Disagree,Disagree,Disagree,Disagree,Agree,Disagree,None,Disagree
2024/03/27 10:42:20 PM GMT+1,Female,19-22,400lvl,Nursing,Strongly Disagree,Strongly Disagree,Strongly Disagree,Strongly Disagree,None,Strongly Disagree,Strongly Disagree,Strongly Disagree,Strongly Disagree,Strongly Disagree,Agree,Disagree,None,Disagree
2024/03/27 10:59:12 PM GMT+1,Female,15-18,200lvl,Nursing,Agree,Agree,Agree,Agree,"Lectures, Social media ",Agree,Agree,Strongly Agree,Agree,Disagree,Agree,Agree,"X, Snapchat",Agree
2024/03/27 11:00:49 PM GMT+1,Female,15-18,200lvl,Nursing,Disagree,Agree,Agree,Agree,"Social media, Seminars",Disagree,Agree,Agree,Agree,Disagree,Agree,Agree,Instagram,Agree
2024/03/27 11:25:24 PM GMT+1,Female,23-26,500lvl,Nursing,Agree,Agree,Agree,Agree,"Social media, News outlets",Agree,Agree,Agree,Agree,Agree,Agree,Agree,Facebook,Agree
2024/03/27 11:30:21 PM GMT+1,Female,23-26,500lvl,Nursing,Agree,Agree,Agree,Agree,"Social media, News outlets",Agree,Agree,Agree,Agree,Agree,Agree,Agree,Facebook,Agree
2024/03/28 9:51:57 AM GMT+1,Female,23-26,500lvl,Nursing,Agree,Strongly Agree,Agree,Agree,"Social media, Seminars",Agree,Agree,Agree,Agree,Agree,Agree,Agree,"Instagram, Facebook",Agree
2024/03/28 9:54:10 AM GMT+1,Female,23-26,500lvl,Nursing,Agree,Agree,Agree,Agree,"Social media, News outlets",Agree,Agree,Agree,Agree,Agree,Agree,Agree,Facebook,Agree
2024/03/28 11:33:24 AM GMT+1,Female,15-18,200lvl,Nursing,Disagree,Strongly Disagree,Disagree,Disagree,None,Disagree,Disagree,Strongly Agree,Disagree,Disagree,Disagree,Disagree,None,Disagree
2024/03/28 11:37:37 AM GMT+1,Female,15-18,200lvl,Nursing,Disagree,Disagree,Disagree,Disagree,None,Disagree,Disagree,Disagree,Disagree,Disagree,Agree,Agree,None,Agree
2024/03/28 12:12:10 PM GMT+1,Female,15-18,400lvl,Nursing,Agree,Disagree,Agree,Agree,Friends,Disagree,Agree,Agree,Disagree,Disagree,Strongly Agree,Strongly Agree,None,Disagree
2024/03/28 12:27:20 PM GMT+1,Female,19-22,500lvl,Nursing,Agree,Agree,Agree,Agree,Social media,Agree,Strongly Agree,Strongly Agree,Agree,Agree,Strongly Agree,Strongly Agree,Tiktok,Strongly agree
2024/03/28 12:33:45 PM GMT+1,Female,23-26,500lvl,Nursing,Disagree,Disagree,Disagree,Disagree,None,Disagree,Agree,Agree,Strongly Disagree,Disagree,Agree,Agree,None,Disagree
2024/03/28 12:41:54 PM GMT+1,Female,23-26,500lvl,Nursing,Agree,Agree,Agree,Agree,Social media,Strongly agree,Strongly Agree,Strongly Agree,Strongly Agree,Strongly Agree,Agree,Strongly Agree,Facebook,Strongly agree
2024/03/29 12:00:23 PM GMT+1,Female,19-22,400lvl,VASS,Strongly Agree,Strongly Agree,Strongly Agree,Strongly Agree,Lectures,Strongly agree,Agree,Agree,Agree,Agree,Agree,Agree,Instagram ,Strongly agree
2024/03/29 12:04:39 PM GMT+1,Male,15-18,200lvl,CES,Strongly Agree,Strongly Agree,Strongly Agree,Strongly Agree,"Friends, Social media, Seminars, News outlets",Strongly agree,Strongly Agree,Strongly Agree,Strongly Agree,Strongly Agree,Strongly Agree,Strongly Agree,"Instagram, Google",Strongly agree
2024/03/29 12:23:39 PM GMT+1,Female,15-18,200lvl,VASS,Agree,Agree,Agree,Agree,"Social media, News outlets",Agree,Agree,Agree,Agree,Agree,Agree,Disagree,"Instagram, Snapchat",Agree
2024/03/29 12:24:46 PM GMT+1,Male,15-18,300lvl,VASS,Agree,Agree,Agree,Agree,"Social media, Seminars",Agree,Agree,Agree,Agree,Agree,Agree,Agree,Snapchat,Agree
2024/03/30 10:17:22 PM GMT+1,Male,19-22,300lvl,VASS,Agree,Agree,Agree,Agree,"Social media, News outlets",Agree,Agree,Agree,Agree,Agree,Agree,Agree,Instagram,Agree
2024/03/30 10:18:54 PM GMT+1,Female,19-22,300lvl,VASS,Agree,Agree,Agree,Agree,"Seminars, News outlets, Social media",Agree,Agree,Agree,Agree,Agree,Agree,Agree,"Instagram, Snapchat",Agree
2024/03/30 10:21:41 PM GMT+1,Female,15-18,200lvl,VASS,Agree,Agree,Agree,Agree,Social media ,Agree,Agree,Agree,Agree,Disagree,Agree,Agree,Instagram,Agree
2024/03/30 10:25:32 PM GMT+1,Male,19-22,400lvl,VASS,Agree,Agree,Agree,Agree,Social media,Agree,Agree,Agree,Agree,Disagree,Agree,Agree,Snapchat,Agree
2024/03/30 10:38:32 PM GMT+1,Male,23-26,400lvl,VASS,Agree,Agree,Agree,Agree,Social media,Agree,Agree,Agree,Agree,Agree,Agree,Agree,Tiktok,Agree
2024/03/30 10:44:15 PM GMT+1,Male,19-22,300lvl,VASS,Agree,Agree,Agree,Agree,Social media,Agree,Agree,Agree,Agree,Agree,Agree,Agree,"Instagram, Snapchat",Agree
2024/03/30 10:48:01 PM GMT+1,Male,23-26,400lvl,VASS,Agree,Agree,Agree,Agree,"Social media, Seminars",Agree,Agree,Agree,Agree,Agree,Agree,Agree,Instagram,Agree
2024/03/30 11:16:59 PM GMT+1,Female,23-26,400lvl,VASS,Agree,Agree,Agree,Agree,Social media,Agree,Agree,Agree,Agree,Agree,Agree,Agree,Facebook,Agree
2024/03/30 11:19:26 PM GMT+1,Female,23-26,400lvl,VASS,Agree,Agree,Agree,Agree,Social media,Agree,Agree,Strongly Agree,Agree,Agree,Strongly Agree,Agree,Facebook,Agree
2024/03/30 11:21:43 PM GMT+1,Female,19-22,300lvl,VASS,Agree,Agree,Agree,Agree,"Social media, Seminars",Agree,Agree,Agree,Agree,Disagree,Strongly Agree,Agree,Instagram,Agree
2024/03/30 11:24:33 PM GMT+1,Male,19-22,400lvl,VASS,Disagree,Disagree,Disagree,Disagree,News outlets ,Disagree,Disagree,Agree,Disagree,Disagree,Agree,Disagree,None,Disagree
2024/03/30 11:41:05 PM GMT+1,Male,15-18,200lvl,CES,Disagree,Agree,Disagree,Disagree,Social media,Disagree,Agree,Strongly Agree,Disagree,Disagree,Agree,Disagree,Instagram,Disagree
2024/03/30 11:43:54 PM GMT+1,Male,15-18,200lvl,CES,Disagree,Agree,Disagree,Disagree,Social media,Disagree,Agree,Agree,Strongly Agree,Disagree,Strongly Agree,Disagree,Snapchat,Disagree
2024/03/30 11:47:14 PM GMT+1,Male,15-18,200lvl,CES,Disagree,Agree,Disagree,Disagree,Social media,Disagree,Agree,Strongly Agree,Disagree,Disagree,Agree,Disagree,Instagram,Agree
2024/03/30 11:49:39 PM GMT+1,Male,15-18,200lvl,CES,Disagree,Agree,Disagree,Disagree,Social media,Disagree,Agree,Strongly Agree,Disagree,Disagree,Disagree,Disagree,X,Disagree
2024/03/31 7:51:49 PM GMT+1,Male,19-22,300lvl,CES,Agree,Agree,Agree,Agree,"Seminars, News outlets",Disagree,Agree,Agree,Disagree,Agree,Disagree,Disagree,None,Disagree
2024/03/31 8:18:20 PM GMT+1,Male,19-22,300lvl,CES,Agree,Disagree,Agree,Agree,"Seminars, News outlets",Disagree,Agree,Strongly Agree,Disagree,Agree,Disagree,Disagree,None,Disagree
2024/03/31 8:22:20 PM GMT+1,Male,19-22,300lvl,VASS,Agree,Disagree,Agree,Agree,"Seminars, News outlets",Disagree,Agree,Strongly Agree,Disagree,Agree,Agree,Disagree,None,Disagree
2024/03/31 8:24:11 PM GMT+1,Male,19-22,300lvl,CES,Agree,Disagree,Agree,Agree,News outlets ,Disagree,Agree,Strongly Agree,Disagree,Disagree,Disagree,Disagree,None,Disagree
2024/03/31 9:04:08 PM GMT+1,Male,23-26,400lvl,CES,Disagree,Disagree,Disagree,Disagree,None,Disagree,Disagree,Disagree,Disagree,Disagree,Disagree,Disagree,None,Disagree
2024/03/31 9:05:16 PM GMT+1,Male,23-26,400lvl,CES,Disagree,Disagree,Disagree,Disagree,None,Disagree,Disagree,Disagree,Disagree,Disagree,Disagree,Disagree,None,Disagree
2024/03/31 9:06:59 PM GMT+1,Male,23-26,400lvl,CES,Disagree,Disagree,Disagree,Disagree,None,Disagree,Disagree,Disagree,Disagree,Disagree,Disagree,Disagree,None,Disagree
2024/03/31 9:29:50 PM GMT+1,Female,15-18,200lvl,CES,Strongly Agree,Strongly Agree,Strongly Agree,Strongly Agree,"Friends, Social media",Strongly agree,Strongly Agree,Strongly Agree,Strongly Agree,Strongly Agree,Strongly Agree,Strongly Agree,"Google, Snapchat",Strongly agree
2024/03/31 9:32:44 PM GMT+1,Female,15-18,300lvl,CES,Strongly Agree,Strongly Agree,Strongly Agree,Strongly Agree,"Social media, Seminars",Strongly agree,Strongly Agree,Strongly Agree,Strongly Agree,Strongly Agree,Strongly Agree,Strongly Agree,Instagram,Strongly agree
2024/03/31 9:34:54 PM GMT+1,Female,15-18,200lvl,CES,Agree,Agree,Agree,Agree,"Social media, Seminars",Agree,Agree,Agree,Agree,Agree,Agree,Agree,Snapchat,Agree
2024/03/31 9:38:20 PM GMT+1,Female,15-18,200lvl,CES,Agree,Agree,Agree,Agree,"Lectures, Social media ",Agree,Agree,Agree,Agree,Agree,Agree,Agree,"Instagram, Snapchat",Agree
2024/03/31 9:48:22 PM GMT+1,Female,19-22,300lvl,CES,Agree,Disagree,Agree,Agree,Seminars,Disagree,Agree,Strongly Agree,Disagree,Strongly Agree,Disagree,Disagree,None,Disagree
2024/03/31 10:33:00 PM GMT+1,Female,19-22,300lvl,CES,Agree,Agree,Agree,Agree,Social media,Agree,Agree,Strongly Agree,Agree,Disagree,Agree,Agree,Instagram,Agree
2024/03/31 10:34:27 PM GMT+1,Female,23-26,400lvl,CES,Disagree,Disagree,Disagree,Disagree,None,Disagree,Disagree,Disagree,Disagree,Disagree,Agree,Agree,None,Agree
2024/03/31 10:37:31 PM GMT+1,Female,23-26,400lvl,CES,Disagree,Disagree,Disagree,Disagree,None,Disagree,Disagree,Agree,Disagree,Disagree,Agree,Agree,None,Agree
2024/03/31 10:58:17 PM GMT+1,Female,23-26,400lvl,CES,Agree,Agree,Agree,Agree,"Social media, Seminars",Agree,Agree,Agree,Agree,Agree,Agree,Agree,Facebook,Agree
2024/03/31 11:01:12 PM GMT+1,Female,19-22,300lvl,CES,Disagree,Strongly Disagree,Agree,Disagree,Social media,Disagree,Agree,Agree,Disagree,Disagree,Agree,Disagree,X,Disagree
2024/04/01 11:38:17 AM GMT+1,Female,19-22,400lvl,CES,Agree,Agree,Agree,Agree,Social media,Agree,Agree,Agree,Agree,Agree,Agree,Agree,Snapchat,Agree
2024/04/01 11:47:23 AM GMT+1,Female,19-22,400lvl,CES,Disagree,Agree,Disagree,Disagree,Social media,Disagree,Agree,Strongly Agree,Disagree,Disagree,Strongly Agree,Disagree,"Facebook, X",Disagree
2024/04/01 12:06:41 PM GMT+1,Female,19-22,400lvl,CES,Agree,Agree,Agree,Disagree,Social media,Disagree,Agree,Agree,Disagree,Disagree,Agree,Disagree,X,Disagree
2024/04/01 12:13:04 PM GMT+1,Female,15-18,300lvl,CES,Disagree,Disagree,Disagree,Disagree,None,Disagree,Disagree,Disagree,Disagree,Disagree,Disagree,Disagree,None,Disagree
2024/04/01 12:28:45 PM GMT+1,Female,23-26,400lvl,CES,Agree,Agree,Agree,Agree,Social media,Agree,Agree,Agree,Agree,Agree,Strongly Agree,Disagree,X,Disagree
2024/04/01 12:30:18 PM GMT+1,Female,19-22,300lvl,CES,Disagree,Disagree,Disagree,Disagree,None,Disagree,Disagree,Disagree,Disagree,Disagree,Agree,Agree,None,Agree
2024/04/01 12:33:58 PM GMT+1,Female,15-18,200lvl,CES,Agree,Agree,Agree,Agree,Social media,Agree,Agree,Agree,Agree,Agree,Agree,Agree,"Instagram, X",Agree
2024/04/01 12:40:16 PM GMT+1,Female,19-22,400lvl,CES,Disagree,Agree,Disagree,Disagree,News outlets,Disagree,Agree,Strongly Agree,Disagree,Disagree,Agree,Disagree,None,Disagree
2024/04/01 1:21:41 PM GMT+1,Male,15-18,200lvl,CES,Disagree,Disagree,Disagree,Disagree,None,Disagree,Disagree,Disagree,Disagree,Disagree,Agree,Disagree,None,Disagree
2024/04/01 2:21:41 PM GMT+2,Female,19-22,300lvl,EAH,Agree,Disagree,Agree,Agree,"Seminars, News outlets",N/A,Disagree,Agree,Agree,Disagree,Agree,Disagree,None,Disagree
2024/04/01 2:25:41 PM GMT+3,Male,27-100,400lvl,EAH,Agree,Agree,Agree,Agree,"Social media, Seminars",Agree,Agree,Agree,Agree,Agree,Agree,Agree,Facebook,Agree
2024/04/01 2:31:41 PM GMT+4,Female,19-22,300lvl,LSS,Agree,Agree,Agree,Agree,"Lectures, Seminars, Social media",Agree,Agree,Agree,Agree,Disagree,Agree,Agree,Snapchat,Agree
2024/04/01 2:50:41 PM GMT+5,Female,15-18,200lvl,LSS,Disagree,Disagree,Disagree,Disagree,None,Disagree,Disagree,Disagree,Disagree,Disagree,Agree,Disagree,None,Disagree
2024/04/01 3:01:22 PM GMT+6,Female,19-22,400lvl,LSS,Agree,Agree,Agree,Agree,"Social media, News outlets",Agree,Agree,Agree,Agree,Disagree,Agree,Agree,Instagram,Agree
2024/04/01 3:21:32 PM GMT+7,Male,23-26,500lvl,LSS,Agree,Agree,Agree,Agree,"Seminars, Social media, News outlets",Agree,Agree,Agree,Agree,Agree,Agree,Agree,X,Agree
2024/04/01 3:50:41 PM GMT+8,Male,19-22,500lvl,LSS,Disagree,Agree,Disagree,Disagree,Social media ,Disagree,Agree,Strongly Agree,Disagree,Disagree,Agree,Disagree,Instagram,Disagree
2023/11/19 8:08:46 PM GMT+1,Male,19-22,200lvl,CES,Neutral,Agree,Disagree,Agree,News outlets,Disagree,Strongly Agree,Strongly Agree,Agree,Agree,Agree,Neutral,X,Agree
2023/11/19 8:18:21 PM GMT+1,Female,23-26,400lvl,VASS,Strongly Agree,Strongly Agree,Strongly Agree,Strongly Agree,Social media,Strongly Disagree,Agree,Strongly Agree,Neutral,Agree,Strongly agree,Strongly Agree,X ,Strongly agree
2023/11/19 9:02:46 PM GMT+1,Female,19-22,400lvl,VASS,Strongly Agree,Neutral,Agree,Agree,Seminars,Disagree,Agree,Agree,Agree,Agree,Agree,Agree,Tiktok,Agree
2023/11/19 9:04:39 PM GMT+1,Male,23-26,400lvl,CES,Agree,Agree,Agree,Strongly Agree,News outlets ,Neutral,Agree,Agree,Strongly Agree,Neutral,Strongly agree,Strongly Agree,Facebook ,Strongly agree
2023/11/19 9:39:07 PM GMT+1,Female,15-18,200lvl,CES,Disagree,Disagree,Disagree,Disagree,None,Disagree,Agree,Agree,Disagree,Disagree,Agree,Neutral,Facebook ,Neutral
2023/11/19 9:43:34 PM GMT+1,Female,19-22,400lvl,VASS,Agree,Agree,Agree,Disagree,I don't,Strongly Disagree,Neutral,Strongly Disagree,Disagree,Strongly Disagree,Strongly agree,Strongly Agree,None,Disagree
2023/11/19 9:45:50 PM GMT+1,Female,19-22,400lvl,VASS,Agree,Disagree,agree,Agree,Seminars,Disagree,Agree,Strongly Agree,Disagree,Agree,Strongly agree,Agree,None ,Disagree
2023/11/19 9:49:18 PM GMT+1,Female,19-22,400lvl,VASS,Agree,Agree,Disagree,Agree,Internet,Disagree,Neutral,Agree,Neutral,Neutral,Agree,Agree,Instagram ,Agree
2023/11/19 10:09:49 PM GMT+1,Female,19-22,400lvl,VASS,Strongly Agree,Strongly Agree,Agree,Agree,"Seminars, News outlets",Neutral,Agree,Strongly Agree,Strongly Agree,Strongly Agree,Neutral,Neutral,Instagram ,Neutral
2023/11/19 10:42:45 PM GMT+1,Female,19-22,400lvl,VASS,Disagree,Strongly Disagree,Strongly Disagree,Strongly Agree,Seminars ,Agree,Strongly Disagree,Strongly Disagree,Agree,Agree,Strongly agree,Strongly Agree,YouTube ,Strongly agree
2023/11/19 10:43:28 PM GMT+1,Female,23-26,400lvl,VASS,Agree,Agree,Disagree,Disagree,Social media,Agree,Agree,Strongly Agree,Disagree,Neutral,Agree,Strongly Agree,Instagram,Agree
2023/11/19 11:05:58 PM GMT+1,Female,19-22,400lvl,VASS,Strongly Disagree,Neutral,Neutral,Neutral,Social media ,Neutral,Neutral,Neutral,Neutral,Neutral,Neutral,Neutral,Tiktok ,Neutral
2023/11/20 6:07:58 AM GMT+1,Female,19-22,400lvl,Nursing,Agree,Agree,Agree,Neutral,News outlets ,Neutral,Agree,Agree,Agree,Agree,Neutral,Neutral,Instagram,Neutral
2023/11/20 7:15:07 AM GMT+1,Female,15-18,200lvl,CES,Neutral,Disagree,Disagree,Strongly Agree,Seminars ,Disagree,Strongly Agree,Agree,Disagree,Agree,Strongly agree,Agree,"Facebook, YouTube ",Agree
2023/11/20 6:51:04 PM GMT+1,Female,19-22,500lvl,Nursing,Agree,Disagree,Disagree,Agree,Cartoons,Disagree,Agree,Agree,Agree,Neutral,Agree,Neutral,None,Agree
2023/11/20 6:59:55 PM GMT+1,Male,23-26,200lvl,CES,Disagree,Agree,Agree,Disagree,News outlets ,Agree,Agree,Agree,Disagree,Agree,Agree,Agree,Facebook ,Agree
2023/11/20 7:01:19 PM GMT+1,Male,15-18,200lvl,CES,Agree,Disagree,Agree,Agree,"Articles, Books, Documentaries ",Disagree,Neutral,Agree,Neutral,Agree,Strongly agree,Strongly Agree,Instagram ,Agree
2023/11/20 7:03:29 PM GMT+1,Female,15-18,100lvl,Nursing,Agree,Neutral,Neutral,Agree,"News outlets, Research, Social media, Discussions",Neutral,Agree,Neutral,Neutral,Neutral,Neutral,Agree,Instagram ,Neutral
2023/11/20 7:06:18 PM GMT+1,Male,19-22,400lvl,Nursing,Agree,Agree,Agree,Strongly Agree,"Social media, Seminars ",Agree,Agree,Strongly Agree,Agree,Agree,Agree,Agree,Instagram,Agree
2023/11/20 9:39:43 PM GMT+1,Male,23-26,400lvl,CES,Neutral,Agree,Agree,Agree,News outlets ,Neutral,Agree,Agree,Agree,Agree,Agree,Agree,Facebook ,Agree
2023/11/20 11:03:05 PM GMT+1,Male,23-26,500lvl,Nursing,Strongly Agree,Strongly Agree,Strongly Agree,Strongly Agree,Seminars,Strongly agree,Strongly Agree,Strongly Agree,Neutral,Neutral,Agree,Agree,Instagram ,Agree